{
  "HTTP Request - Видалити героя" : {
    "transaction" : "HTTP Request - Видалити героя",
    "sampleCount" : 20000,
    "errorCount" : 0,
    "errorPct" : 0.0,
    "meanResTime" : 1009.3165000000037,
    "medianResTime" : 1001.0,
    "minResTime" : 3.0,
    "maxResTime" : 2713.0,
    "pct1ResTime" : 1485.0,
    "pct2ResTime" : 1634.0,
    "pct3ResTime" : 1939.0,
    "throughput" : 106.82505261133842,
    "receivedKBytesPerSec" : 25.97601376974928,
    "sentKBytesPerSec" : 22.220445513881916
  },
  "HTTP Request - Отриати всіх героїв" : {
    "transaction" : "HTTP Request - Отриати всіх героїв",
    "sampleCount" : 20000,
    "errorCount" : 0,
    "errorPct" : 0.0,
    "meanResTime" : 977.8520999999996,
    "medianResTime" : 968.0,
    "minResTime" : 19.0,
    "maxResTime" : 2774.0,
    "pct1ResTime" : 1446.0,
    "pct2ResTime" : 1583.9500000000007,
    "pct3ResTime" : 1882.0,
    "throughput" : 106.66211574972802,
    "receivedKBytesPerSec" : 984.0019117517652,
    "sentKBytesPerSec" : 13.228602246304156
  },
  "HTTP Request - Отримати героя за id" : {
    "transaction" : "HTTP Request - Отримати героя за id",
    "sampleCount" : 20000,
    "errorCount" : 32,
    "errorPct" : 0.16,
    "meanResTime" : 929.4823999999991,
    "medianResTime" : 920.0,
    "minResTime" : 54.0,
    "maxResTime" : 2617.0,
    "pct1ResTime" : 1385.0,
    "pct2ResTime" : 1524.0,
    "pct3ResTime" : 1795.0,
    "throughput" : 106.6297017034095,
    "receivedKBytesPerSec" : 27.78225944172687,
    "sentKBytesPerSec" : 13.22458214485645
  },
  "Total" : {
    "transaction" : "Total",
    "sampleCount" : 100000,
    "errorCount" : 32,
    "errorPct" : 0.032,
    "meanResTime" : 1016.3618000000234,
    "medianResTime" : 965.0,
    "minResTime" : 3.0,
    "maxResTime" : 3102.0,
    "pct1ResTime" : 1537.0,
    "pct2ResTime" : 1705.0,
    "pct3ResTime" : 2024.9900000000016,
    "throughput" : 532.8275024243652,
    "receivedKBytesPerSec" : 1092.34476112344,
    "sentKBytesPerSec" : 96.45395387978346
  },
  "HTTP Request - Створити героя" : {
    "transaction" : "HTTP Request - Створити героя",
    "sampleCount" : 20000,
    "errorCount" : 0,
    "errorPct" : 0.0,
    "meanResTime" : 1081.0543999999966,
    "medianResTime" : 1075.0,
    "minResTime" : 32.0,
    "maxResTime" : 3102.0,
    "pct1ResTime" : 1567.0,
    "pct2ResTime" : 1719.9500000000007,
    "pct3ResTime" : 2024.0,
    "throughput" : 106.65870281685633,
    "receivedKBytesPerSec" : 27.801939746832236,
    "sentKBytesPerSec" : 23.5314252785792
  },
  "HTTP Request - Змінити героя" : {
    "transaction" : "HTTP Request - Змінити героя",
    "sampleCount" : 20000,
    "errorCount" : 0,
    "errorPct" : 0.0,
    "meanResTime" : 1084.1035999999956,
    "medianResTime" : 1075.0,
    "minResTime" : 15.0,
    "maxResTime" : 2751.0,
    "pct1ResTime" : 1578.0,
    "pct2ResTime" : 1734.0,
    "pct3ResTime" : 2016.0,
    "throughput" : 106.72187745126813,
    "receivedKBytesPerSec" : 27.81884995170835,
    "sentKBytesPerSec" : 24.379117338369717
  }
}