{
  "HTTP Request - Видалити героя" : {
    "transaction" : "HTTP Request - Видалити героя",
    "sampleCount" : 100,
    "errorCount" : 0,
    "errorPct" : 0.0,
    "meanResTime" : 22.450000000000006,
    "medianResTime" : 21.5,
    "minResTime" : 4.0,
    "maxResTime" : 78.0,
    "pct1ResTime" : 35.0,
    "pct2ResTime" : 38.94999999999999,
    "pct3ResTime" : 77.72999999999986,
    "throughput" : 103.41261633919338,
    "receivedKBytesPerSec" : 25.14623190279214,
    "sentKBytesPerSec" : 21.510632109617372
  },
  "HTTP Request - Отриати всіх героїв" : {
    "transaction" : "HTTP Request - Отриати всіх героїв",
    "sampleCount" : 100,
    "errorCount" : 0,
    "errorPct" : 0.0,
    "meanResTime" : 25.39999999999999,
    "medianResTime" : 22.5,
    "minResTime" : 4.0,
    "maxResTime" : 100.0,
    "pct1ResTime" : 36.0,
    "pct2ResTime" : 43.799999999999955,
    "pct3ResTime" : 99.85999999999993,
    "throughput" : 102.14504596527068,
    "receivedKBytesPerSec" : 43.61513661899898,
    "sentKBytesPerSec" : 12.668379724208377
  },
  "HTTP Request - Отримати героя за id" : {
    "transaction" : "HTTP Request - Отримати героя за id",
    "sampleCount" : 100,
    "errorCount" : 6,
    "errorPct" : 6.0,
    "meanResTime" : 22.929999999999996,
    "medianResTime" : 21.0,
    "minResTime" : 8.0,
    "maxResTime" : 87.0,
    "pct1ResTime" : 33.0,
    "pct2ResTime" : 39.89999999999998,
    "pct3ResTime" : 86.99,
    "throughput" : 97.27626459143968,
    "receivedKBytesPerSec" : 24.932742582684824,
    "sentKBytesPerSec" : 12.064536721789883
  },
  "Total" : {
    "transaction" : "Total",
    "sampleCount" : 500,
    "errorCount" : 6,
    "errorPct" : 1.2,
    "meanResTime" : 24.697999999999993,
    "medianResTime" : 23.0,
    "minResTime" : 4.0,
    "maxResTime" : 100.0,
    "pct1ResTime" : 36.900000000000034,
    "pct2ResTime" : 42.0,
    "pct3ResTime" : 81.99000000000001,
    "throughput" : 458.295142071494,
    "receivedKBytesPerSec" : 132.70419196837764,
    "sentKBytesPerSec" : 82.96305711503209
  },
  "HTTP Request - Створити героя" : {
    "transaction" : "HTTP Request - Створити героя",
    "sampleCount" : 100,
    "errorCount" : 0,
    "errorPct" : 0.0,
    "meanResTime" : 26.71000000000001,
    "medianResTime" : 24.0,
    "minResTime" : 8.0,
    "maxResTime" : 81.0,
    "pct1ResTime" : 39.900000000000006,
    "pct2ResTime" : 48.799999999999955,
    "pct3ResTime" : 80.99,
    "throughput" : 99.70089730807577,
    "receivedKBytesPerSec" : 25.98844092721835,
    "sentKBytesPerSec" : 21.99651046859422
  },
  "HTTP Request - Змінити героя" : {
    "transaction" : "HTTP Request - Змінити героя",
    "sampleCount" : 100,
    "errorCount" : 0,
    "errorPct" : 0.0,
    "meanResTime" : 26.0,
    "medianResTime" : 24.0,
    "minResTime" : 7.0,
    "maxResTime" : 82.0,
    "pct1ResTime" : 38.0,
    "pct2ResTime" : 52.499999999999886,
    "pct3ResTime" : 81.94999999999997,
    "throughput" : 101.31712259371834,
    "receivedKBytesPerSec" : 26.41072220111449,
    "sentKBytesPerSec" : 23.145619617527863
  }
}