{
  "HTTP Request - Видалити героя" : {
    "transaction" : "HTTP Request - Видалити героя",
    "sampleCount" : 30872,
    "errorCount" : 0,
    "errorPct" : 0.0,
    "meanResTime" : 1285.543502202635,
    "medianResTime" : 1231.0,
    "minResTime" : 1.0,
    "maxResTime" : 5832.0,
    "pct1ResTime" : 2023.0,
    "pct2ResTime" : 2274.0,
    "pct3ResTime" : 2750.0,
    "throughput" : 93.6920532313622,
    "receivedKBytesPerSec" : 22.782540287704283,
    "sentKBytesPerSec" : 19.488679041289206
  },
  "HTTP Request - Отриати всіх героїв" : {
    "transaction" : "HTTP Request - Отриати всіх героїв",
    "sampleCount" : 35014,
    "errorCount" : 108,
    "errorPct" : 0.30844805,
    "meanResTime" : 1617.8615696578531,
    "medianResTime" : 1630.0,
    "minResTime" : 5.0,
    "maxResTime" : 7356.0,
    "pct1ResTime" : 2481.0,
    "pct2ResTime" : 2719.0,
    "pct3ResTime" : 3193.9900000000016,
    "throughput" : 106.08309953887452,
    "receivedKBytesPerSec" : 8932.264818215024,
    "sentKBytesPerSec" : 13.116208801300967
  },
  "HTTP Request - Отримати героя за id" : {
    "transaction" : "HTTP Request - Отримати героя за id",
    "sampleCount" : 33805,
    "errorCount" : 70,
    "errorPct" : 0.20706996,
    "meanResTime" : 1178.4938322733315,
    "medianResTime" : 1112.0,
    "minResTime" : 1.0,
    "maxResTime" : 4518.0,
    "pct1ResTime" : 1840.0,
    "pct2ResTime" : 2053.0,
    "pct3ResTime" : 2453.0,
    "throughput" : 102.43877309834485,
    "receivedKBytesPerSec" : 27.075040099188794,
    "sentKBytesPerSec" : 12.678500930486784
  },
  "Total" : {
    "transaction" : "Total",
    "sampleCount" : 164571,
    "errorCount" : 268,
    "errorPct" : 0.16284765,
    "meanResTime" : 1370.616639626675,
    "medianResTime" : 265.0,
    "minResTime" : 1.0,
    "maxResTime" : 7356.0,
    "pct1ResTime" : 660.0,
    "pct2ResTime" : 770.0,
    "pct3ResTime" : 960.9900000000016,
    "throughput" : 498.59272701933827,
    "receivedKBytesPerSec" : 9033.550454982602,
    "sentKBytesPerSec" : 89.30769405010588
  },
  "HTTP Request - Створити героя" : {
    "transaction" : "HTTP Request - Створити героя",
    "sampleCount" : 32967,
    "errorCount" : 45,
    "errorPct" : 0.13650014,
    "meanResTime" : 1378.6619649953018,
    "medianResTime" : 1316.0,
    "minResTime" : 1.0,
    "maxResTime" : 5681.0,
    "pct1ResTime" : 2134.0,
    "pct2ResTime" : 2371.9500000000007,
    "pct3ResTime" : 2838.0,
    "throughput" : 99.92755578053341,
    "receivedKBytesPerSec" : 26.287146488690823,
    "sentKBytesPerSec" : 22.01613562849907
  },
  "HTTP Request - Змінити героя" : {
    "transaction" : "HTTP Request - Змінити героя",
    "sampleCount" : 31913,
    "errorCount" : 45,
    "errorPct" : 0.14100836,
    "meanResTime" : 1376.8468649139918,
    "medianResTime" : 1326.0,
    "minResTime" : 1.0,
    "maxResTime" : 5520.0,
    "pct1ResTime" : 2165.0,
    "pct2ResTime" : 2400.0,
    "pct3ResTime" : 2890.9600000000064,
    "throughput" : 96.76852028733698,
    "receivedKBytesPerSec" : 25.464003328284623,
    "sentKBytesPerSec" : 22.074395391002376
  }
}