{
  "HTTP Request - Видалити героя" : {
    "transaction" : "HTTP Request - Видалити героя",
    "sampleCount" : 119506,
    "errorCount" : 0,
    "errorPct" : 0.0,
    "meanResTime" : 2052.812871320237,
    "medianResTime" : 632.0,
    "minResTime" : 1.0,
    "maxResTime" : 11369.0,
    "pct1ResTime" : 1861.0,
    "pct2ResTime" : 2234.0,
    "pct3ResTime" : 2992.970000000005,
    "throughput" : 89.36344269025045,
    "receivedKBytesPerSec" : 21.72997776354723,
    "sentKBytesPerSec" : 18.58829423146811
  },
  "HTTP Request - Отриати всіх героїв" : {
    "transaction" : "HTTP Request - Отриати всіх героїв",
    "sampleCount" : 127751,
    "errorCount" : 12965,
    "errorPct" : 10.148648,
    "meanResTime" : 2476.422305891926,
    "medianResTime" : 698.0,
    "minResTime" : 0.0,
    "maxResTime" : 15064.0,
    "pct1ResTime" : 2075.0,
    "pct2ResTime" : 2481.9000000000015,
    "pct3ResTime" : 3299.980000000003,
    "throughput" : 95.47600488175642,
    "receivedKBytesPerSec" : 6118.4471777007075,
    "sentKBytesPerSec" : 10.64277838394394
  },
  "HTTP Request - Отримати героя за id" : {
    "transaction" : "HTTP Request - Отримати героя за id",
    "sampleCount" : 125012,
    "errorCount" : 12585,
    "errorPct" : 10.067034,
    "meanResTime" : 1805.5998864108897,
    "medianResTime" : 575.0,
    "minResTime" : 0.0,
    "maxResTime" : 11538.0,
    "pct1ResTime" : 1699.0,
    "pct2ResTime" : 2048.0,
    "pct3ResTime" : 2764.9900000000016,
    "throughput" : 93.43708587987237,
    "receivedKBytesPerSec" : 40.90024711503318,
    "sentKBytesPerSec" : 10.421781612758021
  },
  "Total" : {
    "transaction" : "Total",
    "sampleCount" : 617102,
    "errorCount" : 37774,
    "errorPct" : 6.1211925,
    "meanResTime" : 2127.9676147540904,
    "medianResTime" : 84.0,
    "minResTime" : 0.0,
    "maxResTime" : 15064.0,
    "pct1ResTime" : 162.0,
    "pct2ResTime" : 185.0,
    "pct3ResTime" : 229.0,
    "throughput" : 461.1974353589533,
    "receivedKBytesPerSec" : 6244.826444700862,
    "sentKBytesPerSec" : 78.6667937684925
  },
  "HTTP Request - Створити героя" : {
    "transaction" : "HTTP Request - Створити героя",
    "sampleCount" : 123378,
    "errorCount" : 5678,
    "errorPct" : 4.602117,
    "meanResTime" : 2150.2330237157535,
    "medianResTime" : 678.5,
    "minResTime" : 1.0,
    "maxResTime" : 12663.0,
    "pct1ResTime" : 1957.0,
    "pct2ResTime" : 2357.0,
    "pct3ResTime" : 3096.920000000013,
    "throughput" : 92.22627123395189,
    "receivedKBytesPerSec" : 31.50542937433425,
    "sentKBytesPerSec" : 19.411096550242004
  },
  "HTTP Request - Змінити героя" : {
    "transaction" : "HTTP Request - Змінити героя",
    "sampleCount" : 121455,
    "errorCount" : 6546,
    "errorPct" : 5.3896503,
    "meanResTime" : 2144.589247046198,
    "medianResTime" : 678.0,
    "minResTime" : 1.0,
    "maxResTime" : 10924.0,
    "pct1ResTime" : 1961.9000000000015,
    "pct2ResTime" : 2355.9500000000007,
    "pct3ResTime" : 3156.9900000000016,
    "throughput" : 90.80510042727853,
    "receivedKBytesPerSec" : 32.277741067289824,
    "sentKBytesPerSec" : 19.625365527817962
  }
}