{
  "HTTP Request - Видалити героя" : {
    "transaction" : "HTTP Request - Видалити героя",
    "sampleCount" : 2000,
    "errorCount" : 0,
    "errorPct" : 0.0,
    "meanResTime" : 458.09349999999984,
    "medianResTime" : 467.5,
    "minResTime" : 4.0,
    "maxResTime" : 1114.0,
    "pct1ResTime" : 693.8000000000002,
    "pct2ResTime" : 771.0,
    "pct3ResTime" : 876.95,
    "throughput" : 121.51406525305305,
    "receivedKBytesPerSec" : 29.54785375782247,
    "sentKBytesPerSec" : 25.275874901269823
  },
  "HTTP Request - Отриати всіх героїв" : {
    "transaction" : "HTTP Request - Отриати всіх героїв",
    "sampleCount" : 2000,
    "errorCount" : 0,
    "errorPct" : 0.0,
    "meanResTime" : 437.41150000000033,
    "medianResTime" : 442.0,
    "minResTime" : 42.0,
    "maxResTime" : 918.0,
    "pct1ResTime" : 653.0,
    "pct2ResTime" : 706.9499999999998,
    "pct3ResTime" : 788.97,
    "throughput" : 119.60291831120679,
    "receivedKBytesPerSec" : 549.5544440893732,
    "sentKBytesPerSec" : 14.83356506398756
  },
  "HTTP Request - Отримати героя за id" : {
    "transaction" : "HTTP Request - Отримати героя за id",
    "sampleCount" : 2000,
    "errorCount" : 42,
    "errorPct" : 2.1,
    "meanResTime" : 426.3759999999996,
    "medianResTime" : 423.0,
    "minResTime" : 55.0,
    "maxResTime" : 1053.0,
    "pct1ResTime" : 636.0,
    "pct2ResTime" : 687.9499999999998,
    "pct3ResTime" : 795.99,
    "throughput" : 119.01928112354202,
    "receivedKBytesPerSec" : 30.840871221137828,
    "sentKBytesPerSec" : 14.761180373720544
  },
  "Total" : {
    "transaction" : "Total",
    "sampleCount" : 10000,
    "errorCount" : 42,
    "errorPct" : 0.42,
    "meanResTime" : 464.594200000001,
    "medianResTime" : 468.0,
    "minResTime" : 4.0,
    "maxResTime" : 1152.0,
    "pct1ResTime" : 690.0,
    "pct2ResTime" : 760.0,
    "pct3ResTime" : 885.9699999999993,
    "throughput" : 585.2744937375629,
    "receivedKBytesPerSec" : 657.6663757059874,
    "sentKBytesPerSec" : 105.9491437617055
  },
  "HTTP Request - Створити героя" : {
    "transaction" : "HTTP Request - Створити героя",
    "sampleCount" : 2000,
    "errorCount" : 0,
    "errorPct" : 0.0,
    "meanResTime" : 502.251,
    "medianResTime" : 513.5,
    "minResTime" : 84.0,
    "maxResTime" : 1150.0,
    "pct1ResTime" : 723.9000000000001,
    "pct2ResTime" : 794.0,
    "pct3ResTime" : 915.96,
    "throughput" : 118.75779348019714,
    "receivedKBytesPerSec" : 30.955656953268807,
    "sentKBytesPerSec" : 26.2007062377531
  },
  "HTTP Request - Змінити героя" : {
    "transaction" : "HTTP Request - Змінити героя",
    "sampleCount" : 2000,
    "errorCount" : 0,
    "errorPct" : 0.0,
    "meanResTime" : 498.83900000000176,
    "medianResTime" : 497.5,
    "minResTime" : 43.0,
    "maxResTime" : 1152.0,
    "pct1ResTime" : 740.0,
    "pct2ResTime" : 818.9499999999998,
    "pct3ResTime" : 947.97,
    "throughput" : 119.76047904191617,
    "receivedKBytesPerSec" : 31.217720808383234,
    "sentKBytesPerSec" : 27.35877853667665
  }
}