{
  "HTTP Request - Видалити героя" : {
    "transaction" : "HTTP Request - Видалити героя",
    "sampleCount" : 5954,
    "errorCount" : 0,
    "errorPct" : 0.0,
    "meanResTime" : 695.900738998992,
    "medianResTime" : 538.5,
    "minResTime" : 4.0,
    "maxResTime" : 3411.0,
    "pct1ResTime" : 1563.5,
    "pct2ResTime" : 1785.0,
    "pct3ResTime" : 2238.2999999999975,
    "throughput" : 113.32318233726684,
    "receivedKBytesPerSec" : 27.55612539255805,
    "sentKBytesPerSec" : 23.572107263513512
  },
  "HTTP Request - Отриати всіх героїв" : {
    "transaction" : "HTTP Request - Отриати всіх героїв",
    "sampleCount" : 6733,
    "errorCount" : 1,
    "errorPct" : 0.01485222,
    "meanResTime" : 672.875983959602,
    "medianResTime" : 514.0,
    "minResTime" : 3.0,
    "maxResTime" : 3343.0,
    "pct1ResTime" : 1501.0,
    "pct2ResTime" : 1752.0,
    "pct3ResTime" : 2178.3199999999997,
    "throughput" : 126.71735611849286,
    "receivedKBytesPerSec" : 1332.2347081788496,
    "sentKBytesPerSec" : 15.713587933338353
  },
  "HTTP Request - Отримати героя за id" : {
    "transaction" : "HTTP Request - Отримати героя за id",
    "sampleCount" : 6498,
    "errorCount" : 22,
    "errorPct" : 0.3385657,
    "meanResTime" : 643.8154816866727,
    "medianResTime" : 500.0,
    "minResTime" : 4.0,
    "maxResTime" : 3192.0,
    "pct1ResTime" : 1423.0,
    "pct2ResTime" : 1665.0999999999985,
    "pct3ResTime" : 2119.0300000000007,
    "throughput" : 122.41899020346648,
    "receivedKBytesPerSec" : 31.877167276987567,
    "sentKBytesPerSec" : 15.182823980312737
  },
  "Total" : {
    "transaction" : "Total",
    "sampleCount" : 31695,
    "errorCount" : 23,
    "errorPct" : 0.07256665,
    "meanResTime" : 702.2814324025918,
    "medianResTime" : 288.0,
    "minResTime" : 3.0,
    "maxResTime" : 3411.0,
    "pct1ResTime" : 1578.9000000000015,
    "pct2ResTime" : 1826.9500000000007,
    "pct3ResTime" : 2370.9900000000016,
    "throughput" : 596.510708774043,
    "receivedKBytesPerSec" : 1452.6977378244155,
    "sentKBytesPerSec" : 107.04028523403095
  },
  "HTTP Request - Створити героя" : {
    "transaction" : "HTTP Request - Створити героя",
    "sampleCount" : 6343,
    "errorCount" : 0,
    "errorPct" : 0.0,
    "meanResTime" : 754.9724105312947,
    "medianResTime" : 594.0,
    "minResTime" : 4.0,
    "maxResTime" : 3093.0,
    "pct1ResTime" : 1648.0,
    "pct2ResTime" : 1908.5999999999985,
    "pct3ResTime" : 2385.359999999997,
    "throughput" : 119.68376165138307,
    "receivedKBytesPerSec" : 31.19691353329371,
    "sentKBytesPerSec" : 26.40488792029888
  },
  "HTTP Request - Змінити героя" : {
    "transaction" : "HTTP Request - Змінити героя",
    "sampleCount" : 6167,
    "errorCount" : 0,
    "errorPct" : 0.0,
    "meanResTime" : 747.9552456623924,
    "medianResTime" : 589.0,
    "minResTime" : 4.0,
    "maxResTime" : 2950.0,
    "pct1ResTime" : 1671.3999999999996,
    "pct2ResTime" : 1917.5999999999967,
    "pct3ResTime" : 2356.0,
    "throughput" : 116.77491431709302,
    "receivedKBytesPerSec" : 30.43816111345174,
    "sentKBytesPerSec" : 26.67557273816061
  }
}